去除normal,,,包含normal,,
ACC,balance-ACC,mcc,ACC,balance-ACC,mcc
0.9984537,0.9979083,0.99823623,0.99456645,0.9890963,0.99031615
